threshold,objective,accuracy,balanced_accuracy,precision,recall,specificity,f1,roc_auc,average_precision,confusion_matrix,classification_report
0.2,1.1665310633304957,0.9326473339569691,0.931448311947823,0.9490478641276376,0.9070339399901624,0.9558626839054837,0.9275653923541247,0.980992842354385,0.9807542391943178,"[[2144, 99], [189, 1844]]","{'not_sarcastic': {'precision': 0.9189884269181312, 'recall': 0.9558626839054837, 'f1-score': 0.9370629370629371, 'support': 2243.0}, 'sarcastic': {'precision': 0.9490478641276376, 'recall': 0.9070339399901624, 'f1-score': 0.9275653923541247, 'support': 2033.0}, 'accuracy': 0.9326473339569691, 'macro avg': {'precision': 0.9340181455228844, 'recall': 0.931448311947823, 'f1-score': 0.9323141647085309, 'support': 4276.0}, 'weighted avg': {'precision': 0.9332800162181608, 'recall': 0.9326473339569691, 'f1-score': 0.9325473831824376, 'support': 4276.0}}"
0.21000000000000002,1.1657212712784097,0.9319457436856876,0.9307104860747291,0.9489690721649484,0.9055582882439744,0.9558626839054837,0.9267556003020387,0.980992842354385,0.9807542391943178,"[[2144, 99], [192, 1841]]","{'not_sarcastic': {'precision': 0.9178082191780822, 'recall': 0.9558626839054837, 'f1-score': 0.9364490063332606, 'support': 2243.0}, 'sarcastic': {'precision': 0.9489690721649484, 'recall': 0.9055582882439744, 'f1-score': 0.9267556003020387, 'support': 2033.0}, 'accuracy': 0.9319457436856876, 'macro avg': {'precision': 0.9333886456715152, 'recall': 0.9307104860747291, 'f1-score': 0.9316023033176497, 'support': 4276.0}, 'weighted avg': {'precision': 0.9326234703760006, 'recall': 0.9319457436856876, 'f1-score': 0.9318403312954977, 'support': 4276.0}}"
0.22000000000000003,1.1657212712784097,0.9319457436856876,0.9307104860747291,0.9489690721649484,0.9055582882439744,0.9558626839054837,0.9267556003020387,0.980992842354385,0.9807542391943178,"[[2144, 99], [192, 1841]]","{'not_sarcastic': {'precision': 0.9178082191780822, 'recall': 0.9558626839054837, 'f1-score': 0.9364490063332606, 'support': 2243.0}, 'sarcastic': {'precision': 0.9489690721649484, 'recall': 0.9055582882439744, 'f1-score': 0.9267556003020387, 'support': 2033.0}, 'accuracy': 0.9319457436856876, 'macro avg': {'precision': 0.9333886456715152, 'recall': 0.9307104860747291, 'f1-score': 0.9316023033176497, 'support': 4276.0}, 'weighted avg': {'precision': 0.9326234703760006, 'recall': 0.9319457436856876, 'f1-score': 0.9318403312954977, 'support': 4276.0}}"
0.23000000000000004,1.1657212712784097,0.9319457436856876,0.9307104860747291,0.9489690721649484,0.9055582882439744,0.9558626839054837,0.9267556003020387,0.980992842354385,0.9807542391943178,"[[2144, 99], [192, 1841]]","{'not_sarcastic': {'precision': 0.9178082191780822, 'recall': 0.9558626839054837, 'f1-score': 0.9364490063332606, 'support': 2243.0}, 'sarcastic': {'precision': 0.9489690721649484, 'recall': 0.9055582882439744, 'f1-score': 0.9267556003020387, 'support': 2033.0}, 'accuracy': 0.9319457436856876, 'macro avg': {'precision': 0.9333886456715152, 'recall': 0.9307104860747291, 'f1-score': 0.9316023033176497, 'support': 4276.0}, 'weighted avg': {'precision': 0.9326234703760006, 'recall': 0.9319457436856876, 'f1-score': 0.9318403312954977, 'support': 4276.0}}"
0.24000000000000005,1.1657212712784097,0.9319457436856876,0.9307104860747291,0.9489690721649484,0.9055582882439744,0.9558626839054837,0.9267556003020387,0.980992842354385,0.9807542391943178,"[[2144, 99], [192, 1841]]","{'not_sarcastic': {'precision': 0.9178082191780822, 'recall': 0.9558626839054837, 'f1-score': 0.9364490063332606, 'support': 2243.0}, 'sarcastic': {'precision': 0.9489690721649484, 'recall': 0.9055582882439744, 'f1-score': 0.9267556003020387, 'support': 2033.0}, 'accuracy': 0.9319457436856876, 'macro avg': {'precision': 0.9333886456715152, 'recall': 0.9307104860747291, 'f1-score': 0.9316023033176497, 'support': 4276.0}, 'weighted avg': {'precision': 0.9326234703760006, 'recall': 0.9319457436856876, 'f1-score': 0.9318403312954977, 'support': 4276.0}}"
0.25000000000000006,1.1654510687608624,0.9317118802619271,0.9304645441170311,0.9489427539969056,0.9050664043285784,0.9558626839054837,0.9264853977844915,0.980992842354385,0.9807542391943178,"[[2144, 99], [193, 1840]]","{'not_sarcastic': {'precision': 0.9174154899443732, 'recall': 0.9558626839054837, 'f1-score': 0.9362445414847161, 'support': 2243.0}, 'sarcastic': {'precision': 0.9489427539969056, 'recall': 0.9050664043285784, 'f1-score': 0.9264853977844915, 'support': 2033.0}, 'accuracy': 0.9317118802619271, 'macro avg': {'precision': 0.9331791219706393, 'recall': 0.9304645441170311, 'f1-score': 0.9313649696346038, 'support': 4276.0}, 'weighted avg': {'precision': 0.932404949209761, 'recall': 0.9317118802619271, 'f1-score': 0.9316046118442679, 'support': 4276.0}}"
0.26000000000000006,1.1657958394975252,0.9319457436856876,0.9306874598548822,0.9494324045407637,0.9050664043285784,0.9563085153811859,0.9267187106522287,0.980992842354385,0.9807542391943178,"[[2145, 98], [193, 1840]]","{'not_sarcastic': {'precision': 0.9174508126603935, 'recall': 0.9563085153811859, 'f1-score': 0.9364767518009168, 'support': 2243.0}, 'sarcastic': {'precision': 0.9494324045407637, 'recall': 0.9050664043285784, 'f1-score': 0.9267187106522287, 'support': 2033.0}, 'accuracy': 0.9319457436856876, 'macro avg': {'precision': 0.9334416086005786, 'recall': 0.9306874598548822, 'f1-score': 0.9315977312265727, 'support': 4276.0}, 'weighted avg': {'precision': 0.9326562795202608, 'recall': 0.9319457436856876, 'f1-score': 0.9318373463623566, 'support': 4276.0}}"
0.2700000000000001,1.1655254915656994,0.9317118802619271,0.9304415178971842,0.949406298399587,0.9045745204131825,0.9563085153811859,0.926448362720403,0.980992842354385,0.9807542391943178,"[[2145, 98], [194, 1839]]","{'not_sarcastic': {'precision': 0.917058572039333, 'recall': 0.9563085153811859, 'f1-score': 0.9362723701440419, 'support': 2243.0}, 'sarcastic': {'precision': 0.949406298399587, 'recall': 0.9045745204131825, 'f1-score': 0.926448362720403, 'support': 2033.0}, 'accuracy': 0.9317118802619271, 'macro avg': {'precision': 0.9332324352194601, 'recall': 0.9304415178971842, 'f1-score': 0.9313603664322224, 'support': 4276.0}, 'weighted avg': {'precision': 0.9324381154655249, 'recall': 0.9317118802619271, 'f1-score': 0.9316016014133923, 'support': 4276.0}}"
0.2800000000000001,1.1658703705388629,0.9319457436856876,0.9306644336350354,0.949896694214876,0.9045745204131825,0.9567543468568881,0.926681783824641,0.980992842354385,0.9807542391943178,"[[2146, 97], [194, 1839]]","{'not_sarcastic': {'precision': 0.917094017094017, 'recall': 0.9567543468568881, 'f1-score': 0.9365044730525857, 'support': 2243.0}, 'sarcastic': {'precision': 0.949896694214876, 'recall': 0.9045745204131825, 'f1-score': 0.926681783824641, 'support': 2033.0}, 'accuracy': 0.9319457436856876, 'macro avg': {'precision': 0.9334953556544465, 'recall': 0.9306644336350354, 'f1-score': 0.9315931284386133, 'support': 4276.0}, 'weighted avg': {'precision': 0.9326898642845471, 'recall': 0.9319457436856876, 'f1-score': 0.9318343310506184, 'support': 4276.0}}"
0.2900000000000001,1.1655998770368026,0.9317118802619271,0.9304184916773373,0.9498708010335918,0.9040826364977865,0.9567543468568881,0.9264112903225806,0.980992842354385,0.9807542391943178,"[[2146, 97], [195, 1838]]","{'not_sarcastic': {'precision': 0.916702263989748, 'recall': 0.9567543468568881, 'f1-score': 0.9363001745200699, 'support': 2243.0}, 'sarcastic': {'precision': 0.9498708010335918, 'recall': 0.9040826364977865, 'f1-score': 0.9264112903225806, 'support': 2033.0}, 'accuracy': 0.9317118802619271, 'macro avg': {'precision': 0.9332865325116699, 'recall': 0.9304184916773373, 'f1-score': 0.9313557324213253, 'support': 4276.0}, 'weighted avg': {'precision': 0.9324720572100789, 'recall': 0.9317118802619271, 'f1-score': 0.9315985604944629, 'support': 4276.0}}"
0.3000000000000001,1.1655998770368026,0.9317118802619271,0.9304184916773373,0.9498708010335918,0.9040826364977865,0.9567543468568881,0.9264112903225806,0.980992842354385,0.9807542391943178,"[[2146, 97], [195, 1838]]","{'not_sarcastic': {'precision': 0.916702263989748, 'recall': 0.9567543468568881, 'f1-score': 0.9363001745200699, 'support': 2243.0}, 'sarcastic': {'precision': 0.9498708010335918, 'recall': 0.9040826364977865, 'f1-score': 0.9264112903225806, 'support': 2033.0}, 'accuracy': 0.9317118802619271, 'macro avg': {'precision': 0.9332865325116699, 'recall': 0.9304184916773373, 'f1-score': 0.9313557324213253, 'support': 4276.0}, 'weighted avg': {'precision': 0.9324720572100789, 'recall': 0.9317118802619271, 'f1-score': 0.9315985604944629, 'support': 4276.0}}"
0.3100000000000001,1.1660193208631702,0.9319457436856876,0.9306183811953415,0.9508281573498965,0.9035907525823905,0.9576460098082925,0.9266078184110971,0.980992842354385,0.9807542391943178,"[[2148, 95], [196, 1837]]","{'not_sarcastic': {'precision': 0.9163822525597269, 'recall': 0.9576460098082925, 'f1-score': 0.9365598430346632, 'support': 2243.0}, 'sarcastic': {'precision': 0.9508281573498965, 'recall': 0.9035907525823905, 'f1-score': 0.9266078184110971, 'support': 2033.0}, 'accuracy': 0.9319457436856876, 'macro avg': {'precision': 0.9336052049548117, 'recall': 0.9306183811953415, 'f1-score': 0.9315838307228801, 'support': 4276.0}, 'weighted avg': {'precision': 0.9327593630457921, 'recall': 0.9319457436856876, 'f1-score': 0.9318282092508209, 'support': 4276.0}}"
0.3200000000000001,1.1660937400333378,0.9319457436856876,0.9305953549754946,0.9512953367875647,0.9030988686669946,0.9580918412839946,0.9265707797123391,0.980992842354385,0.9807542391943178,"[[2149, 94], [197, 1836]]","{'not_sarcastic': {'precision': 0.9160272804774083, 'recall': 0.9580918412839946, 'f1-score': 0.936587491828285, 'support': 2243.0}, 'sarcastic': {'precision': 0.9512953367875647, 'recall': 0.9030988686669946, 'f1-score': 0.9265707797123391, 'support': 2033.0}, 'accuracy': 0.9319457436856876, 'macro avg': {'precision': 0.9336613086324865, 'recall': 0.9305953549754946, 'f1-score': 0.931579135770312, 'support': 4276.0}, 'weighted avg': {'precision': 0.932795278250689, 'recall': 0.9319457436856876, 'f1-score': 0.9318251027422892, 'support': 4276.0}}"
0.3300000000000001,1.1658228088823313,0.9317118802619271,0.9303494130177966,0.9512700881285641,0.9026069847515986,0.9580918412839946,0.9262998485613326,0.980992842354385,0.9807542391943178,"[[2149, 94], [198, 1835]]","{'not_sarcastic': {'precision': 0.9156369833830422, 'recall': 0.9580918412839946, 'f1-score': 0.9363834422657952, 'support': 2243.0}, 'sarcastic': {'precision': 0.9512700881285641, 'recall': 0.9026069847515986, 'f1-score': 0.9262998485613326, 'support': 2033.0}, 'accuracy': 0.9317118802619271, 'macro avg': {'precision': 0.9334535357558031, 'recall': 0.9303494130177966, 'f1-score': 0.9313416454135639, 'support': 4276.0}, 'weighted avg': {'precision': 0.9325785413689276, 'recall': 0.9317118802619271, 'f1-score': 0.9315892547070551, 'support': 4276.0}}"
0.34000000000000014,1.1658228088823313,0.9317118802619271,0.9303494130177966,0.9512700881285641,0.9026069847515986,0.9580918412839946,0.9262998485613326,0.980992842354385,0.9807542391943178,"[[2149, 94], [198, 1835]]","{'not_sarcastic': {'precision': 0.9156369833830422, 'recall': 0.9580918412839946, 'f1-score': 0.9363834422657952, 'support': 2243.0}, 'sarcastic': {'precision': 0.9512700881285641, 'recall': 0.9026069847515986, 'f1-score': 0.9262998485613326, 'support': 2033.0}, 'accuracy': 0.9317118802619271, 'macro avg': {'precision': 0.9334535357558031, 'recall': 0.9303494130177966, 'f1-score': 0.9313416454135639, 'support': 4276.0}, 'weighted avg': {'precision': 0.9325785413689276, 'recall': 0.9317118802619271, 'f1-score': 0.9315892547070551, 'support': 4276.0}}"
0.35000000000000014,1.1658228088823313,0.9317118802619271,0.9303494130177966,0.9512700881285641,0.9026069847515986,0.9580918412839946,0.9262998485613326,0.980992842354385,0.9807542391943178,"[[2149, 94], [198, 1835]]","{'not_sarcastic': {'precision': 0.9156369833830422, 'recall': 0.9580918412839946, 'f1-score': 0.9363834422657952, 'support': 2243.0}, 'sarcastic': {'precision': 0.9512700881285641, 'recall': 0.9026069847515986, 'f1-score': 0.9262998485613326, 'support': 2033.0}, 'accuracy': 0.9317118802619271, 'macro avg': {'precision': 0.9334535357558031, 'recall': 0.9303494130177966, 'f1-score': 0.9313416454135639, 'support': 4276.0}, 'weighted avg': {'precision': 0.9325785413689276, 'recall': 0.9317118802619271, 'f1-score': 0.9315892547070551, 'support': 4276.0}}"
0.36000000000000015,1.1658228088823313,0.9317118802619271,0.9303494130177966,0.9512700881285641,0.9026069847515986,0.9580918412839946,0.9262998485613326,0.980992842354385,0.9807542391943178,"[[2149, 94], [198, 1835]]","{'not_sarcastic': {'precision': 0.9156369833830422, 'recall': 0.9580918412839946, 'f1-score': 0.9363834422657952, 'support': 2243.0}, 'sarcastic': {'precision': 0.9512700881285641, 'recall': 0.9026069847515986, 'f1-score': 0.9262998485613326, 'support': 2033.0}, 'accuracy': 0.9317118802619271, 'macro avg': {'precision': 0.9334535357558031, 'recall': 0.9303494130177966, 'f1-score': 0.9313416454135639, 'support': 4276.0}, 'weighted avg': {'precision': 0.9325785413689276, 'recall': 0.9317118802619271, 'f1-score': 0.9315892547070551, 'support': 4276.0}}"
0.37000000000000016,1.1658228088823313,0.9317118802619271,0.9303494130177966,0.9512700881285641,0.9026069847515986,0.9580918412839946,0.9262998485613326,0.980992842354385,0.9807542391943178,"[[2149, 94], [198, 1835]]","{'not_sarcastic': {'precision': 0.9156369833830422, 'recall': 0.9580918412839946, 'f1-score': 0.9363834422657952, 'support': 2243.0}, 'sarcastic': {'precision': 0.9512700881285641, 'recall': 0.9026069847515986, 'f1-score': 0.9262998485613326, 'support': 2033.0}, 'accuracy': 0.9317118802619271, 'macro avg': {'precision': 0.9334535357558031, 'recall': 0.9303494130177966, 'f1-score': 0.9313416454135639, 'support': 4276.0}, 'weighted avg': {'precision': 0.9325785413689276, 'recall': 0.9317118802619271, 'f1-score': 0.9315892547070551, 'support': 4276.0}}"
0.38000000000000017,1.1655517409319556,0.9314780168381666,0.9301034710600986,0.9512448132780082,0.9021151008362026,0.9580918412839946,0.9260287806109568,0.980992842354385,0.9807542391943178,"[[2149, 94], [199, 1834]]","{'not_sarcastic': {'precision': 0.9152470187393527, 'recall': 0.9580918412839946, 'f1-score': 0.9361794815944239, 'support': 2243.0}, 'sarcastic': {'precision': 0.9512448132780082, 'recall': 0.9021151008362026, 'f1-score': 0.9260287806109568, 'support': 2033.0}, 'accuracy': 0.9314780168381666, 'macro avg': {'precision': 0.9332459160086805, 'recall': 0.9301034710600986, 'f1-score': 0.9311041311026904, 'support': 4276.0}, 'weighted avg': {'precision': 0.9323619664234235, 'recall': 0.9314780168381666, 'f1-score': 0.9313533882596744, 'support': 4276.0}}"
0.3900000000000002,1.1650091942184475,0.9310102899906455,0.9296115871447026,0.9511941848390446,0.9011313330054107,0.9580918412839946,0.9254862338974489,0.980992842354385,0.9807542391943178,"[[2149, 94], [201, 1832]]","{'not_sarcastic': {'precision': 0.914468085106383, 'recall': 0.9580918412839946, 'f1-score': 0.9357718266927934, 'support': 2243.0}, 'sarcastic': {'precision': 0.9511941848390446, 'recall': 0.9011313330054107, 'f1-score': 0.9254862338974489, 'support': 2033.0}, 'accuracy': 0.9310102899906455, 'macro avg': {'precision': 0.9328311349727139, 'recall': 0.9296115871447026, 'f1-score': 0.9306290302951211, 'support': 4276.0}, 'weighted avg': {'precision': 0.9319293013731046, 'recall': 0.9310102899906455, 'f1-score': 0.9308815998095064, 'support': 4276.0}}"
0.4000000000000002,1.1650091942184475,0.9310102899906455,0.9296115871447026,0.9511941848390446,0.9011313330054107,0.9580918412839946,0.9254862338974489,0.980992842354385,0.9807542391943178,"[[2149, 94], [201, 1832]]","{'not_sarcastic': {'precision': 0.914468085106383, 'recall': 0.9580918412839946, 'f1-score': 0.9357718266927934, 'support': 2243.0}, 'sarcastic': {'precision': 0.9511941848390446, 'recall': 0.9011313330054107, 'f1-score': 0.9254862338974489, 'support': 2033.0}, 'accuracy': 0.9310102899906455, 'macro avg': {'precision': 0.9328311349727139, 'recall': 0.9296115871447026, 'f1-score': 0.9306290302951211, 'support': 4276.0}, 'weighted avg': {'precision': 0.9319293013731046, 'recall': 0.9310102899906455, 'f1-score': 0.9308815998095064, 'support': 4276.0}}"
0.4100000000000002,1.1645396015021872,0.9305425631431244,0.9290966770094597,0.9516129032258065,0.8996556812592228,0.9585376727596968,0.924905183312263,0.980992842354385,0.9807542391943178,"[[2150, 93], [204, 1829]]","{'not_sarcastic': {'precision': 0.913338997451147, 'recall': 0.9585376727596968, 'f1-score': 0.9353926473787253, 'support': 2243.0}, 'sarcastic': {'precision': 0.9516129032258065, 'recall': 0.8996556812592228, 'f1-score': 0.924905183312263, 'support': 2033.0}, 'accuracy': 0.9305425631431244, 'macro avg': {'precision': 0.9324759503384767, 'recall': 0.9290966770094597, 'f1-score': 0.9301489153454942, 'support': 4276.0}, 'weighted avg': {'precision': 0.9315361093407359, 'recall': 0.9305425631431244, 'f1-score': 0.9304064419420747, 'support': 4276.0}}"
0.4200000000000002,1.1645396015021872,0.9305425631431244,0.9290966770094597,0.9516129032258065,0.8996556812592228,0.9585376727596968,0.924905183312263,0.980992842354385,0.9807542391943178,"[[2150, 93], [204, 1829]]","{'not_sarcastic': {'precision': 0.913338997451147, 'recall': 0.9585376727596968, 'f1-score': 0.9353926473787253, 'support': 2243.0}, 'sarcastic': {'precision': 0.9516129032258065, 'recall': 0.8996556812592228, 'f1-score': 0.924905183312263, 'support': 2033.0}, 'accuracy': 0.9305425631431244, 'macro avg': {'precision': 0.9324759503384767, 'recall': 0.9290966770094597, 'f1-score': 0.9301489153454942, 'support': 4276.0}, 'weighted avg': {'precision': 0.9315361093407359, 'recall': 0.9305425631431244, 'f1-score': 0.9304064419420747, 'support': 4276.0}}"
0.4300000000000002,1.1646130655351967,0.9305425631431244,0.9290736507896129,0.9520833333333333,0.8991637973438269,0.958983504235399,0.924867189476347,0.980992842354385,0.9807542391943178,"[[2151, 92], [205, 1828]]","{'not_sarcastic': {'precision': 0.9129881154499151, 'recall': 0.958983504235399, 'f1-score': 0.9354207436399217, 'support': 2243.0}, 'sarcastic': {'precision': 0.9520833333333333, 'recall': 0.8991637973438269, 'f1-score': 0.924867189476347, 'support': 2033.0}, 'accuracy': 0.9305425631431244, 'macro avg': {'precision': 0.9325357243916241, 'recall': 0.9290736507896129, 'f1-score': 0.9301439665581344, 'support': 4276.0}, 'weighted avg': {'precision': 0.9315757155334018, 'recall': 0.9305425631431244, 'f1-score': 0.9304031160406356, 'support': 4276.0}}"
0.4400000000000002,1.1646130655351967,0.9305425631431244,0.9290736507896129,0.9520833333333333,0.8991637973438269,0.958983504235399,0.924867189476347,0.980992842354385,0.9807542391943178,"[[2151, 92], [205, 1828]]","{'not_sarcastic': {'precision': 0.9129881154499151, 'recall': 0.958983504235399, 'f1-score': 0.9354207436399217, 'support': 2243.0}, 'sarcastic': {'precision': 0.9520833333333333, 'recall': 0.8991637973438269, 'f1-score': 0.924867189476347, 'support': 2033.0}, 'accuracy': 0.9305425631431244, 'macro avg': {'precision': 0.9325357243916241, 'recall': 0.9290736507896129, 'f1-score': 0.9301439665581344, 'support': 4276.0}, 'weighted avg': {'precision': 0.9315757155334018, 'recall': 0.9305425631431244, 'f1-score': 0.9304031160406356, 'support': 4276.0}}"
0.45000000000000023,1.1643410177592546,0.9303086997193639,0.928827708831915,0.95205836373111,0.8986719134284309,0.958983504235399,0.9245951417004049,0.980992842354385,0.9807542391943178,"[[2151, 92], [206, 1827]]","{'not_sarcastic': {'precision': 0.9126007636826474, 'recall': 0.958983504235399, 'f1-score': 0.9352173913043478, 'support': 2243.0}, 'sarcastic': {'precision': 0.95205836373111, 'recall': 0.8986719134284309, 'f1-score': 0.9245951417004049, 'support': 2033.0}, 'accuracy': 0.9303086997193639, 'macro avg': {'precision': 0.9323295637068787, 'recall': 0.928827708831915, 'f1-score': 0.9299062665023763, 'support': 4276.0}, 'weighted avg': {'precision': 0.9313606563156045, 'recall': 0.9303086997193639, 'f1-score': 0.93016710284672, 'support': 4276.0}}"
0.46000000000000024,1.163524047747885,0.9296071094480823,0.928089882958821,0.9519832985386222,0.897196261682243,0.958983504235399,0.9237781716890352,0.980992842354385,0.9807542391943178,"[[2151, 92], [209, 1824]]","{'not_sarcastic': {'precision': 0.9114406779661017, 'recall': 0.958983504235399, 'f1-score': 0.9346078644362372, 'support': 2243.0}, 'sarcastic': {'precision': 0.9519832985386222, 'recall': 0.897196261682243, 'f1-score': 0.9237781716890352, 'support': 2033.0}, 'accuracy': 0.9296071094480823, 'macro avg': {'precision': 0.9317119882523619, 'recall': 0.928089882958821, 'f1-score': 0.9291930180626362, 'support': 4276.0}, 'weighted avg': {'precision': 0.9307164374665541, 'recall': 0.9296071094480823, 'f1-score': 0.9294589483101705, 'support': 4276.0}}"
0.47000000000000025,1.163524047747885,0.9296071094480823,0.928089882958821,0.9519832985386222,0.897196261682243,0.958983504235399,0.9237781716890352,0.980992842354385,0.9807542391943178,"[[2151, 92], [209, 1824]]","{'not_sarcastic': {'precision': 0.9114406779661017, 'recall': 0.958983504235399, 'f1-score': 0.9346078644362372, 'support': 2243.0}, 'sarcastic': {'precision': 0.9519832985386222, 'recall': 0.897196261682243, 'f1-score': 0.9237781716890352, 'support': 2033.0}, 'accuracy': 0.9296071094480823, 'macro avg': {'precision': 0.9317119882523619, 'recall': 0.928089882958821, 'f1-score': 0.9291930180626362, 'support': 4276.0}, 'weighted avg': {'precision': 0.9307164374665541, 'recall': 0.9296071094480823, 'f1-score': 0.9294589483101705, 'support': 4276.0}}"
0.48000000000000026,1.1638694919824866,0.9298409728718429,0.9283127986966722,0.9524804177545692,0.897196261682243,0.9594293357111012,0.9240121580547113,0.980992842354385,0.9807542391943178,"[[2152, 91], [209, 1824]]","{'not_sarcastic': {'precision': 0.9114781872088098, 'recall': 0.9594293357111012, 'f1-score': 0.9348392701998263, 'support': 2243.0}, 'sarcastic': {'precision': 0.9524804177545692, 'recall': 0.897196261682243, 'f1-score': 0.9240121580547113, 'support': 2033.0}, 'accuracy': 0.9298409728718429, 'macro avg': {'precision': 0.9319793024816895, 'recall': 0.9283127986966722, 'f1-score': 0.9294257141272688, 'support': 4276.0}, 'weighted avg': {'precision': 0.9309724656698782, 'recall': 0.9298409728718429, 'f1-score': 0.9296915810064168, 'support': 4276.0}}"
0.49000000000000027,1.1635968829523509,0.9296071094480823,0.928066856738974,0.9524555903866249,0.896704377766847,0.9594293357111012,0.9237395490245757,0.980992842354385,0.9807542391943178,"[[2152, 91], [210, 1823]]","{'not_sarcastic': {'precision': 0.9110922946655376, 'recall': 0.9594293357111012, 'f1-score': 0.9346362649294245, 'support': 2243.0}, 'sarcastic': {'precision': 0.9524555903866249, 'recall': 0.896704377766847, 'f1-score': 0.9237395490245757, 'support': 2033.0}, 'accuracy': 0.9296071094480823, 'macro avg': {'precision': 0.9317739425260813, 'recall': 0.928066856738974, 'f1-score': 0.9291879069770002, 'support': 4276.0}, 'weighted avg': {'precision': 0.9307582395207692, 'recall': 0.9296071094480823, 'f1-score': 0.9294554830223718, 'support': 4276.0}}"
0.5000000000000002,1.1635968829523509,0.9296071094480823,0.928066856738974,0.9524555903866249,0.896704377766847,0.9594293357111012,0.9237395490245757,0.980992842354385,0.9807542391943178,"[[2152, 91], [210, 1823]]","{'not_sarcastic': {'precision': 0.9110922946655376, 'recall': 0.9594293357111012, 'f1-score': 0.9346362649294245, 'support': 2243.0}, 'sarcastic': {'precision': 0.9524555903866249, 'recall': 0.896704377766847, 'f1-score': 0.9237395490245757, 'support': 2033.0}, 'accuracy': 0.9296071094480823, 'macro avg': {'precision': 0.9317739425260813, 'recall': 0.928066856738974, 'f1-score': 0.9291879069770002, 'support': 4276.0}, 'weighted avg': {'precision': 0.9307582395207692, 'recall': 0.9296071094480823, 'f1-score': 0.9294554830223718, 'support': 4276.0}}"
0.5100000000000002,1.1633241357524078,0.9293732460243218,0.9278209147812762,0.9524307370622059,0.8962124938514511,0.9594293357111012,0.9234668018246326,0.980992842354385,0.9807542391943178,"[[2152, 91], [211, 1822]]","{'not_sarcastic': {'precision': 0.9107067287346593, 'recall': 0.9594293357111012, 'f1-score': 0.934433347807208, 'support': 2243.0}, 'sarcastic': {'precision': 0.9524307370622059, 'recall': 0.8962124938514511, 'f1-score': 0.9234668018246326, 'support': 2033.0}, 'accuracy': 0.9293732460243218, 'macro avg': {'precision': 0.9315687328984326, 'recall': 0.9278209147812762, 'f1-score': 0.9289500748159203, 'support': 4276.0}, 'weighted avg': {'precision': 0.9305441723571809, 'recall': 0.9293732460243218, 'f1-score': 0.929219365584903, 'support': 4276.0}}"
0.5200000000000002,1.1633241357524078,0.9293732460243218,0.9278209147812762,0.9524307370622059,0.8962124938514511,0.9594293357111012,0.9234668018246326,0.980992842354385,0.9807542391943178,"[[2152, 91], [211, 1822]]","{'not_sarcastic': {'precision': 0.9107067287346593, 'recall': 0.9594293357111012, 'f1-score': 0.934433347807208, 'support': 2243.0}, 'sarcastic': {'precision': 0.9524307370622059, 'recall': 0.8962124938514511, 'f1-score': 0.9234668018246326, 'support': 2033.0}, 'accuracy': 0.9293732460243218, 'macro avg': {'precision': 0.9315687328984326, 'recall': 0.9278209147812762, 'f1-score': 0.9289500748159203, 'support': 4276.0}, 'weighted avg': {'precision': 0.9305441723571809, 'recall': 0.9293732460243218, 'f1-score': 0.929219365584903, 'support': 4276.0}}"
0.5300000000000002,1.1633241357524078,0.9293732460243218,0.9278209147812762,0.9524307370622059,0.8962124938514511,0.9594293357111012,0.9234668018246326,0.980992842354385,0.9807542391943178,"[[2152, 91], [211, 1822]]","{'not_sarcastic': {'precision': 0.9107067287346593, 'recall': 0.9594293357111012, 'f1-score': 0.934433347807208, 'support': 2243.0}, 'sarcastic': {'precision': 0.9524307370622059, 'recall': 0.8962124938514511, 'f1-score': 0.9234668018246326, 'support': 2033.0}, 'accuracy': 0.9293732460243218, 'macro avg': {'precision': 0.9315687328984326, 'recall': 0.9278209147812762, 'f1-score': 0.9289500748159203, 'support': 4276.0}, 'weighted avg': {'precision': 0.9305441723571809, 'recall': 0.9293732460243218, 'f1-score': 0.929219365584903, 'support': 4276.0}}"
0.5400000000000003,1.1627782264227045,0.9289055191768008,0.9273290308658801,0.9523809523809523,0.8952287260206592,0.9594293357111012,0.922920892494929,0.980992842354385,0.9807542391943178,"[[2152, 91], [213, 1820]]","{'not_sarcastic': {'precision': 0.9099365750528541, 'recall': 0.9594293357111012, 'f1-score': 0.9340277777777778, 'support': 2243.0}, 'sarcastic': {'precision': 0.9523809523809523, 'recall': 0.8952287260206592, 'f1-score': 0.922920892494929, 'support': 2033.0}, 'accuracy': 0.9289055191768008, 'macro avg': {'precision': 0.9311587637169032, 'recall': 0.9273290308658801, 'f1-score': 0.9284743351363534, 'support': 4276.0}, 'weighted avg': {'precision': 0.9301165140397633, 'recall': 0.9289055191768008, 'f1-score': 0.9287470720294074, 'support': 4276.0}}"
0.5500000000000003,1.1627782264227045,0.9289055191768008,0.9273290308658801,0.9523809523809523,0.8952287260206592,0.9594293357111012,0.922920892494929,0.980992842354385,0.9807542391943178,"[[2152, 91], [213, 1820]]","{'not_sarcastic': {'precision': 0.9099365750528541, 'recall': 0.9594293357111012, 'f1-score': 0.9340277777777778, 'support': 2243.0}, 'sarcastic': {'precision': 0.9523809523809523, 'recall': 0.8952287260206592, 'f1-score': 0.922920892494929, 'support': 2033.0}, 'accuracy': 0.9289055191768008, 'macro avg': {'precision': 0.9311587637169032, 'recall': 0.9273290308658801, 'f1-score': 0.9284743351363534, 'support': 4276.0}, 'weighted avg': {'precision': 0.9301165140397633, 'recall': 0.9289055191768008, 'f1-score': 0.9287470720294074, 'support': 4276.0}}"
0.5600000000000003,1.1619583235243245,0.9282039289055192,0.9265912049927862,0.9523060796645703,0.8937530742744713,0.9594293357111012,0.9221009895965491,0.980992842354385,0.9807542391943178,"[[2152, 91], [216, 1817]]","{'not_sarcastic': {'precision': 0.9087837837837838, 'recall': 0.9594293357111012, 'f1-score': 0.9334200824116243, 'support': 2243.0}, 'sarcastic': {'precision': 0.9523060796645703, 'recall': 0.8937530742744713, 'f1-score': 0.9221009895965491, 'support': 2033.0}, 'accuracy': 0.9282039289055192, 'macro avg': {'precision': 0.930544931724177, 'recall': 0.9265912049927862, 'f1-score': 0.9277605360040867, 'support': 4276.0}, 'weighted avg': {'precision': 0.9294762130460941, 'recall': 0.9282039289055192, 'f1-score': 0.9280384837930443, 'support': 4276.0}}"
0.5700000000000003,1.1616847450952879,0.9279700654817586,0.9263452630350882,0.9522810697430519,0.8932611903590753,0.9594293357111012,0.9218274111675127,0.980992842354385,0.9807542391943178,"[[2152, 91], [217, 1816]]","{'not_sarcastic': {'precision': 0.908400168847615, 'recall': 0.9594293357111012, 'f1-score': 0.9332176929748482, 'support': 2243.0}, 'sarcastic': {'precision': 0.9522810697430519, 'recall': 0.8932611903590753, 'f1-score': 0.9218274111675127, 'support': 2033.0}, 'accuracy': 0.9279700654817586, 'macro avg': {'precision': 0.9303406192953334, 'recall': 0.9263452630350882, 'f1-score': 0.9275225520711805, 'support': 4276.0}, 'weighted avg': {'precision': 0.9292630948346176, 'recall': 0.9279700654817586, 'f1-score': 0.9278022479527919, 'support': 4276.0}}"
0.5800000000000003,1.1616847450952879,0.9279700654817586,0.9263452630350882,0.9522810697430519,0.8932611903590753,0.9594293357111012,0.9218274111675127,0.980992842354385,0.9807542391943178,"[[2152, 91], [217, 1816]]","{'not_sarcastic': {'precision': 0.908400168847615, 'recall': 0.9594293357111012, 'f1-score': 0.9332176929748482, 'support': 2243.0}, 'sarcastic': {'precision': 0.9522810697430519, 'recall': 0.8932611903590753, 'f1-score': 0.9218274111675127, 'support': 2033.0}, 'accuracy': 0.9279700654817586, 'macro avg': {'precision': 0.9303406192953334, 'recall': 0.9263452630350882, 'f1-score': 0.9275225520711805, 'support': 4276.0}, 'weighted avg': {'precision': 0.9292630948346176, 'recall': 0.9279700654817586, 'f1-score': 0.9278022479527919, 'support': 4276.0}}"
0.5900000000000003,1.162030228709623,0.9282039289055192,0.9265681787729394,0.9527806925498427,0.8932611903590753,0.9598751671868034,0.9220614369129221,0.980992842354385,0.9807542391943178,"[[2153, 90], [217, 1816]]","{'not_sarcastic': {'precision': 0.9084388185654009, 'recall': 0.9598751671868034, 'f1-score': 0.9334489486234554, 'support': 2243.0}, 'sarcastic': {'precision': 0.9527806925498427, 'recall': 0.8932611903590753, 'f1-score': 0.9220614369129221, 'support': 2033.0}, 'accuracy': 0.9282039289055192, 'macro avg': {'precision': 0.9306097555576218, 'recall': 0.9265681787729394, 'f1-score': 0.9277551927681887, 'support': 4276.0}, 'weighted avg': {'precision': 0.9295209115986961, 'recall': 0.9282039289055192, 'f1-score': 0.9280348206282463, 'support': 4276.0}}"
0.6000000000000003,1.1617565012939075,0.9279700654817586,0.9263222368152413,0.952755905511811,0.8927693064436792,0.9598751671868034,0.9217877094972067,0.980992842354385,0.9807542391943178,"[[2153, 90], [218, 1815]]","{'not_sarcastic': {'precision': 0.9080556727119359, 'recall': 0.9598751671868034, 'f1-score': 0.9332466406588643, 'support': 2243.0}, 'sarcastic': {'precision': 0.952755905511811, 'recall': 0.8927693064436792, 'f1-score': 0.9217877094972067, 'support': 2033.0}, 'accuracy': 0.9279700654817586, 'macro avg': {'precision': 0.9304057891118734, 'recall': 0.9263222368152413, 'f1-score': 0.9275171750780355, 'support': 4276.0}, 'weighted avg': {'precision': 0.929308145415899, 'recall': 0.9279700654817586, 'f1-score': 0.9277985566898161, 'support': 4276.0}}"
0.6100000000000003,1.1621020937093145,0.9282039289055192,0.9265451525530923,0.9532563025210085,0.8927693064436792,0.9603209986625055,0.922021844043688,0.980992842354385,0.9807542391943178,"[[2154, 89], [218, 1815]]","{'not_sarcastic': {'precision': 0.9080944350758853, 'recall': 0.9603209986625055, 'f1-score': 0.933477789815818, 'support': 2243.0}, 'sarcastic': {'precision': 0.9532563025210085, 'recall': 0.8927693064436792, 'f1-score': 0.922021844043688, 'support': 2033.0}, 'accuracy': 0.9282039289055192, 'macro avg': {'precision': 0.9306753687984468, 'recall': 0.9265451525530923, 'f1-score': 0.927749816929753, 'support': 4276.0}, 'weighted avg': {'precision': 0.9295663893593127, 'recall': 0.9282039289055192, 'f1-score': 0.928031125233325, 'support': 4276.0}}"
0.6200000000000003,1.162173918462125,0.9282039289055192,0.9265221263332455,0.953732912723449,0.8922774225282833,0.9607668301382077,0.921982210927573,0.980992842354385,0.9807542391943178,"[[2155, 88], [219, 1814]]","{'not_sarcastic': {'precision': 0.9077506318449874, 'recall': 0.9607668301382077, 'f1-score': 0.9335066060212259, 'support': 2243.0}, 'sarcastic': {'precision': 0.953732912723449, 'recall': 0.8922774225282833, 'f1-score': 0.921982210927573, 'support': 2033.0}, 'accuracy': 0.9282039289055192, 'macro avg': {'precision': 0.9307417722842182, 'recall': 0.9265221263332455, 'f1-score': 0.9277444084743995, 'support': 4276.0}, 'weighted avg': {'precision': 0.92961264705217, 'recall': 0.9282039289055192, 'f1-score': 0.9280273975962035, 'support': 4276.0}}"
0.6300000000000003,1.162173918462125,0.9282039289055192,0.9265221263332455,0.953732912723449,0.8922774225282833,0.9607668301382077,0.921982210927573,0.980992842354385,0.9807542391943178,"[[2155, 88], [219, 1814]]","{'not_sarcastic': {'precision': 0.9077506318449874, 'recall': 0.9607668301382077, 'f1-score': 0.9335066060212259, 'support': 2243.0}, 'sarcastic': {'precision': 0.953732912723449, 'recall': 0.8922774225282833, 'f1-score': 0.921982210927573, 'support': 2033.0}, 'accuracy': 0.9282039289055192, 'macro avg': {'precision': 0.9307417722842182, 'recall': 0.9265221263332455, 'f1-score': 0.9277444084743995, 'support': 4276.0}, 'weighted avg': {'precision': 0.92961264705217, 'recall': 0.9282039289055192, 'f1-score': 0.9280273975962035, 'support': 4276.0}}"
0.6400000000000003,1.1625197388656026,0.9284377923292797,0.9267450420710966,0.9542346133613887,0.8922774225282833,0.96121266161391,0.922216573462125,0.980992842354385,0.9807542391943178,"[[2156, 87], [219, 1814]]","{'not_sarcastic': {'precision': 0.9077894736842105, 'recall': 0.96121266161391, 'f1-score': 0.9337375487223907, 'support': 2243.0}, 'sarcastic': {'precision': 0.9542346133613887, 'recall': 0.8922774225282833, 'f1-score': 0.922216573462125, 'support': 2033.0}, 'accuracy': 0.9284377923292797, 'macro avg': {'precision': 0.9310120435227995, 'recall': 0.9267450420710966, 'f1-score': 0.9279770610922579, 'support': 4276.0}, 'weighted avg': {'precision': 0.9298715524876958, 'recall': 0.9284377923292797, 'f1-score': 0.9282599662377975, 'support': 4276.0}}"
0.6500000000000004,1.1622457029066557,0.9282039289055192,0.9264991001133986,0.9542105263157895,0.8917855386128873,0.96121266161391,0.9219425375031782,0.980992842354385,0.9807542391943178,"[[2156, 87], [220, 1813]]","{'not_sarcastic': {'precision': 0.9074074074074074, 'recall': 0.96121266161391, 'f1-score': 0.9335353972721369, 'support': 2243.0}, 'sarcastic': {'precision': 0.9542105263157895, 'recall': 0.8917855386128873, 'f1-score': 0.9219425375031782, 'support': 2033.0}, 'accuracy': 0.9282039289055192, 'macro avg': {'precision': 0.9308089668615984, 'recall': 0.9264991001133986, 'f1-score': 0.9277389673876575, 'support': 4276.0}, 'weighted avg': {'precision': 0.9296596854103869, 'recall': 0.9282039289055192, 'f1-score': 0.9280236377047157, 'support': 4276.0}}"
0.6600000000000004,1.161697212719682,0.9277362020579981,0.9260072161980026,0.9541622760800843,0.8908017707820954,0.96121266161391,0.9213940473162046,0.980992842354385,0.9807542391943178,"[[2156, 87], [222, 1811]]","{'not_sarcastic': {'precision': 0.9066442388561816, 'recall': 0.96121266161391, 'f1-score': 0.9331313568491668, 'support': 2243.0}, 'sarcastic': {'precision': 0.9541622760800843, 'recall': 0.8908017707820954, 'f1-score': 0.9213940473162046, 'support': 2033.0}, 'accuracy': 0.9277362020579981, 'macro avg': {'precision': 0.9304032574681329, 'recall': 0.9260072161980026, 'f1-score': 0.9272627020826857, 'support': 4276.0}, 'weighted avg': {'precision': 0.9292364207261989, 'recall': 0.9277362020579981, 'f1-score': 0.9275509194589628, 'support': 4276.0}}"
0.6700000000000004,1.161148164130889,0.9272684752104771,0.9255153322826067,0.9541139240506329,0.8898180029513035,0.96121266161391,0.9208449987274115,0.980992842354385,0.9807542391943178,"[[2156, 87], [224, 1809]]","{'not_sarcastic': {'precision': 0.9058823529411765, 'recall': 0.96121266161391, 'f1-score': 0.9327276660177374, 'support': 2243.0}, 'sarcastic': {'precision': 0.9541139240506329, 'recall': 0.8898180029513035, 'f1-score': 0.9208449987274115, 'support': 2033.0}, 'accuracy': 0.9272684752104771, 'macro avg': {'precision': 0.9299981384959046, 'recall': 0.9255153322826067, 'f1-score': 0.9267863323725745, 'support': 4276.0}, 'weighted avg': {'precision': 0.928813780458839, 'recall': 0.9272684752104771, 'f1-score': 0.9270781191044463, 'support': 4276.0}}"
0.6800000000000004,1.1608734301692616,0.9270346117867165,0.9252693903249087,0.9540897097625329,0.8893261190359075,0.96121266161391,0.9205702647657841,0.980992842354385,0.9807542391943178,"[[2156, 87], [225, 1808]]","{'not_sarcastic': {'precision': 0.9055018899622007, 'recall': 0.96121266161391, 'f1-score': 0.9325259515570934, 'support': 2243.0}, 'sarcastic': {'precision': 0.9540897097625329, 'recall': 0.8893261190359075, 'f1-score': 0.9205702647657841, 'support': 2033.0}, 'accuracy': 0.9270346117867165, 'macro avg': {'precision': 0.9297957998623668, 'recall': 0.9252693903249087, 'f1-score': 0.9265481081614387, 'support': 4276.0}, 'weighted avg': {'precision': 0.9286026939037524, 'recall': 0.9270346117867165, 'f1-score': 0.9268416879353132, 'support': 4276.0}}"
0.6900000000000004,1.1608734301692616,0.9270346117867165,0.9252693903249087,0.9540897097625329,0.8893261190359075,0.96121266161391,0.9205702647657841,0.980992842354385,0.9807542391943178,"[[2156, 87], [225, 1808]]","{'not_sarcastic': {'precision': 0.9055018899622007, 'recall': 0.96121266161391, 'f1-score': 0.9325259515570934, 'support': 2243.0}, 'sarcastic': {'precision': 0.9540897097625329, 'recall': 0.8893261190359075, 'f1-score': 0.9205702647657841, 'support': 2033.0}, 'accuracy': 0.9270346117867165, 'macro avg': {'precision': 0.9297957998623668, 'recall': 0.9252693903249087, 'f1-score': 0.9265481081614387, 'support': 4276.0}, 'weighted avg': {'precision': 0.9286026939037524, 'recall': 0.9270346117867165, 'f1-score': 0.9268416879353132, 'support': 4276.0}}"
0.7000000000000004,1.1608734301692616,0.9270346117867165,0.9252693903249087,0.9540897097625329,0.8893261190359075,0.96121266161391,0.9205702647657841,0.980992842354385,0.9807542391943178,"[[2156, 87], [225, 1808]]","{'not_sarcastic': {'precision': 0.9055018899622007, 'recall': 0.96121266161391, 'f1-score': 0.9325259515570934, 'support': 2243.0}, 'sarcastic': {'precision': 0.9540897097625329, 'recall': 0.8893261190359075, 'f1-score': 0.9205702647657841, 'support': 2033.0}, 'accuracy': 0.9270346117867165, 'macro avg': {'precision': 0.9297957998623668, 'recall': 0.9252693903249087, 'f1-score': 0.9265481081614387, 'support': 4276.0}, 'weighted avg': {'precision': 0.9286026939037524, 'recall': 0.9270346117867165, 'f1-score': 0.9268416879353132, 'support': 4276.0}}"
0.7100000000000004,1.1608734301692616,0.9270346117867165,0.9252693903249087,0.9540897097625329,0.8893261190359075,0.96121266161391,0.9205702647657841,0.980992842354385,0.9807542391943178,"[[2156, 87], [225, 1808]]","{'not_sarcastic': {'precision': 0.9055018899622007, 'recall': 0.96121266161391, 'f1-score': 0.9325259515570934, 'support': 2243.0}, 'sarcastic': {'precision': 0.9540897097625329, 'recall': 0.8893261190359075, 'f1-score': 0.9205702647657841, 'support': 2033.0}, 'accuracy': 0.9270346117867165, 'macro avg': {'precision': 0.9297957998623668, 'recall': 0.9252693903249087, 'f1-score': 0.9265481081614387, 'support': 4276.0}, 'weighted avg': {'precision': 0.9286026939037524, 'recall': 0.9270346117867165, 'f1-score': 0.9268416879353132, 'support': 4276.0}}"
0.7200000000000004,1.1605985562871037,0.926800748362956,0.9250234483672107,0.954065469904963,0.8888342351205115,0.96121266161391,0.9202953908836262,0.980992842354385,0.9807542391943178,"[[2156, 87], [226, 1807]]","{'not_sarcastic': {'precision': 0.9051217464315701, 'recall': 0.96121266161391, 'f1-score': 0.9323243243243243, 'support': 2243.0}, 'sarcastic': {'precision': 0.954065469904963, 'recall': 0.8888342351205115, 'f1-score': 0.9202953908836262, 'support': 2033.0}, 'accuracy': 0.926800748362956, 'macro avg': {'precision': 0.9295936081682665, 'recall': 0.9250234483672107, 'f1-score': 0.9263098576039752, 'support': 4276.0}, 'weighted avg': {'precision': 0.9283917627602436, 'recall': 0.926800748362956, 'f1-score': 0.9266052359976313, 'support': 4276.0}}"
0.7300000000000004,1.1606694003424667,0.926800748362956,0.9250004221473639,0.9545454545454546,0.8883423512051156,0.9616584930896122,0.9202547770700636,0.980992842354385,0.9807542391943178,"[[2157, 86], [227, 1806]]","{'not_sarcastic': {'precision': 0.9047818791946308, 'recall': 0.9616584930896122, 'f1-score': 0.9323535768316403, 'support': 2243.0}, 'sarcastic': {'precision': 0.9545454545454546, 'recall': 0.8883423512051156, 'f1-score': 0.9202547770700636, 'support': 2033.0}, 'accuracy': 0.926800748362956, 'macro avg': {'precision': 0.9296636668700426, 'recall': 0.9250004221473639, 'f1-score': 0.926304176950852, 'support': 4276.0}, 'weighted avg': {'precision': 0.9284416894584813, 'recall': 0.926800748362956, 'f1-score': 0.9266012709580936, 'support': 4276.0}}"
0.7400000000000004,1.1606694003424667,0.926800748362956,0.9250004221473639,0.9545454545454546,0.8883423512051156,0.9616584930896122,0.9202547770700636,0.980992842354385,0.9807542391943178,"[[2157, 86], [227, 1806]]","{'not_sarcastic': {'precision': 0.9047818791946308, 'recall': 0.9616584930896122, 'f1-score': 0.9323535768316403, 'support': 2243.0}, 'sarcastic': {'precision': 0.9545454545454546, 'recall': 0.8883423512051156, 'f1-score': 0.9202547770700636, 'support': 2033.0}, 'accuracy': 0.926800748362956, 'macro avg': {'precision': 0.9296636668700426, 'recall': 0.9250004221473639, 'f1-score': 0.926304176950852, 'support': 4276.0}, 'weighted avg': {'precision': 0.9284416894584813, 'recall': 0.926800748362956, 'f1-score': 0.9266012709580936, 'support': 4276.0}}"
0.7500000000000004,1.160740202986855,0.926800748362956,0.9249773959275169,0.955026455026455,0.8878504672897196,0.9621043245653144,0.9202141218455264,0.980992842354385,0.9807542391943178,"[[2158, 85], [228, 1805]]","{'not_sarcastic': {'precision': 0.9044425817267393, 'recall': 0.9621043245653144, 'f1-score': 0.9323828040613523, 'support': 2243.0}, 'sarcastic': {'precision': 0.955026455026455, 'recall': 0.8878504672897196, 'f1-score': 0.9202141218455264, 'support': 2033.0}, 'accuracy': 0.926800748362956, 'macro avg': {'precision': 0.9297345183765972, 'recall': 0.9249773959275169, 'f1-score': 0.9262984629534394, 'support': 4276.0}, 'weighted avg': {'precision': 0.9284923980079185, 'recall': 0.926800748362956, 'f1-score': 0.9265972729704324, 'support': 4276.0}}"
0.7600000000000005,1.1604648878725883,0.9265668849391955,0.924731453969819,0.9550026469031233,0.8873585833743236,0.9621043245653144,0.9199388067312596,0.980992842354385,0.9807542391943178,"[[2158, 85], [229, 1804]]","{'not_sarcastic': {'precision': 0.9040636782572267, 'recall': 0.9621043245653144, 'f1-score': 0.9321814254859612, 'support': 2243.0}, 'sarcastic': {'precision': 0.9550026469031233, 'recall': 0.8873585833743236, 'f1-score': 0.9199388067312596, 'support': 2033.0}, 'accuracy': 0.9265668849391955, 'macro avg': {'precision': 0.929533162580175, 'recall': 0.924731453969819, 'f1-score': 0.9260601161086104, 'support': 4276.0}, 'weighted avg': {'precision': 0.9282823226110872, 'recall': 0.9265668849391955, 'f1-score': 0.9263607416860762, 'support': 4276.0}}"
0.7700000000000005,1.1604648878725883,0.9265668849391955,0.924731453969819,0.9550026469031233,0.8873585833743236,0.9621043245653144,0.9199388067312596,0.980992842354385,0.9807542391943178,"[[2158, 85], [229, 1804]]","{'not_sarcastic': {'precision': 0.9040636782572267, 'recall': 0.9621043245653144, 'f1-score': 0.9321814254859612, 'support': 2243.0}, 'sarcastic': {'precision': 0.9550026469031233, 'recall': 0.8873585833743236, 'f1-score': 0.9199388067312596, 'support': 2033.0}, 'accuracy': 0.9265668849391955, 'macro avg': {'precision': 0.929533162580175, 'recall': 0.924731453969819, 'f1-score': 0.9260601161086104, 'support': 4276.0}, 'weighted avg': {'precision': 0.9282823226110872, 'recall': 0.9265668849391955, 'f1-score': 0.9263607416860762, 'support': 4276.0}}"
0.7800000000000005,1.1601894323272506,0.926333021515435,0.924485512012121,0.954978813559322,0.8868666994589277,0.9621043245653144,0.9196633511859219,0.980992842354385,0.9807542391943178,"[[2158, 85], [230, 1803]]","{'not_sarcastic': {'precision': 0.9036850921273032, 'recall': 0.9621043245653144, 'f1-score': 0.9319801338803714, 'support': 2243.0}, 'sarcastic': {'precision': 0.954978813559322, 'recall': 0.8868666994589277, 'f1-score': 0.9196633511859219, 'support': 2033.0}, 'accuracy': 0.926333021515435, 'macro avg': {'precision': 0.9293319528433126, 'recall': 0.924485512012121, 'f1-score': 0.9258217425331466, 'support': 4276.0}, 'weighted avg': {'precision': 0.928072401685604, 'recall': 0.926333021515435, 'f1-score': 0.9261241892550637, 'support': 4276.0}}"
0.7900000000000005,1.1599138362433694,0.9260991580916744,0.924239570054423,0.954954954954955,0.8863748155435317,0.9621043245653144,0.9193877551020408,0.980992842354385,0.9807542391943178,"[[2158, 85], [231, 1802]]","{'not_sarcastic': {'precision': 0.903306822938468, 'recall': 0.9621043245653144, 'f1-score': 0.9317789291882557, 'support': 2243.0}, 'sarcastic': {'precision': 0.954954954954955, 'recall': 0.8863748155435317, 'f1-score': 0.9193877551020408, 'support': 2033.0}, 'accuracy': 0.9260991580916744, 'macro avg': {'precision': 0.9291308889467115, 'recall': 0.924239570054423, 'f1-score': 0.9255833421451483, 'support': 4276.0}, 'weighted avg': {'precision': 0.9278626350033693, 'recall': 0.9260991580916744, 'f1-score': 0.9258876155967508, 'support': 4276.0}}"
0.8000000000000005,1.159362222029537,0.9256314312441534,0.923747686139027,0.9549071618037135,0.8853910477127398,0.9621043245653144,0.9188361408882083,0.980992842354385,0.9807542391943178,"[[2158, 85], [233, 1800]]","{'not_sarcastic': {'precision': 0.9025512337933919, 'recall': 0.9621043245653144, 'f1-score': 0.9313767803193785, 'support': 2243.0}, 'sarcastic': {'precision': 0.9549071618037135, 'recall': 0.8853910477127398, 'f1-score': 0.9188361408882083, 'support': 2033.0}, 'accuracy': 0.9256314312441534, 'macro avg': {'precision': 0.9287291977985527, 'recall': 0.923747686139027, 'f1-score': 0.9251064606037934, 'support': 4276.0}, 'weighted avg': {'precision': 0.9274435634577941, 'recall': 0.9256314312441534, 'f1-score': 0.9254144042755129, 'support': 4276.0}}"
0.8100000000000005,1.159362222029537,0.9256314312441534,0.923747686139027,0.9549071618037135,0.8853910477127398,0.9621043245653144,0.9188361408882083,0.980992842354385,0.9807542391943178,"[[2158, 85], [233, 1800]]","{'not_sarcastic': {'precision': 0.9025512337933919, 'recall': 0.9621043245653144, 'f1-score': 0.9313767803193785, 'support': 2243.0}, 'sarcastic': {'precision': 0.9549071618037135, 'recall': 0.8853910477127398, 'f1-score': 0.9188361408882083, 'support': 2033.0}, 'accuracy': 0.9256314312441534, 'macro avg': {'precision': 0.9287291977985527, 'recall': 0.923747686139027, 'f1-score': 0.9251064606037934, 'support': 4276.0}, 'weighted avg': {'precision': 0.9274435634577941, 'recall': 0.9256314312441534, 'f1-score': 0.9254144042755129, 'support': 4276.0}}"
